run,partition,initial_angle_rad,actual_angle_std_rad,old_angle_rmse_deg,same_train_linear_angle_rmse_deg,new_angle_rmse_deg,old_velocity_rmse_rad_s,same_train_linear_velocity_rmse_rad_s,new_velocity_rmse_rad_s,imu_integral_vs_encoder_angle_rmse_deg,old_first_second_disturbance_Nm
low004_a,train,4.721017622,0.002623016443632361,13.013875815437293,2.690610149431698,0.12163973557671878,0.27231084852442233,0.09941388598796469,0.017160870702596396,0.08996177388569215,0.23582203632865348
mid004_a,train,4.706924174,0.016215170241074706,5.741992432418456,0.49208272612302495,1.0293655720750061,0.18507466033366096,0.05441881160435733,0.11019847748756689,0.09485564016680005,-0.08355508839162387
high004_a,train,4.702609853,0.028061061233485497,1.0515261881922966,1.2359828189296753,0.28277273889123117,0.0411652179826667,0.2513813071062346,0.049630400243914526,0.1265412761382033,0.029518944734009293
low004_b,held_out,4.66569844,0.0009846543951077492,13.997325428264784,2.8457107991352997,0.036244476467284216,0.28721480458615745,0.1033229711849708,0.016166841221988117,0.11059846102536641,0.21181004119922636
mid004_b,held_out,4.647386544,0.01567846925744754,3.177573265595363,0.841743846631127,1.5387933182589388,0.16904361160569445,0.05223623746040413,0.09154952474587676,0.10625946221875565,-0.10568933882328696
high004_b,held_out,4.607503044,0.027976578134847746,5.005888594278516,2.115437774356512,2.126306070363283,0.08950522510307372,0.2492333904910884,0.056838217448042884,0.14386337798881108,-0.054780270791171724
low008,train,4.540583132,0.023150694118703255,17.810343644578953,2.56567173596523,1.0022873849961411,0.3488246530671932,0.09792783499837258,0.07525841243054465,0.13236955533004938,0.23314729719349864
low011,held_out,4.538282161,0.042460856756411695,17.87106065681094,2.975989813657505,3.23216697314175,0.3548008846958835,0.08696778221293079,0.1070262743142641,0.14769178947359218,0.31669016488070495
mid008,held_out,4.399169278,0.056288063925280934,6.55358896860213,4.844406652510836,5.18749310613121,0.12774724608669907,0.2832491300422735,0.19021728888170916,0.15601447832180748,-0.10526234104844114
