batch,label,arm,pair,start_angle_rad,moving_rms_error_deg,moving_iae_per_reversal_rad_s,hold_rms_error_deg,late_hold_abs_error_deg,peak_abs_speed_rad_s,feedback_torque_p99_abs_Nm,command_torque_peak_abs_Nm,csv
slow_forward,01_current,current,1,5.93574,0.1466239045045833,0.002314742264357143,0.21302350532837502,0.2267262750268083,0.325981,0.97002,1.26437,/home/chen/Alliance/technology/RMCS/experiments/yaw/low_speed_ki_ab_2026-10-02/01_current.csv
slow_forward,02_ki_005,ki_005,1,5.86719,0.12551843909053587,0.0019579268852642855,0.1966827198510221,0.1737606240504272,0.330242,1.0377,1.24883,/home/chen/Alliance/technology/RMCS/experiments/yaw/low_speed_ki_ab_2026-10-02/02_ki_005.csv
slow_forward,03_current,current,2,5.83162,0.17065813846591124,0.0026412797128471427,0.2769047950021963,0.30307404714358077,0.333438,1.01514,1.23024,/home/chen/Alliance/technology/RMCS/experiments/yaw/low_speed_ki_ab_2026-10-02/03_current.csv
slow_forward,04_ki_005,ki_005,2,5.76149,0.11966470325806963,0.0018953587422714285,0.16804818100882893,0.19293637553786558,0.344091,1.00386,1.26081,/home/chen/Alliance/technology/RMCS/experiments/yaw/low_speed_ki_ab_2026-10-02/04_ki_005.csv
slow_forward,05_current,current,3,5.6834,0.17151072701235928,0.002628491267557143,0.2590343718043974,0.270440376485212,0.33983,1.07153,1.32441,/home/chen/Alliance/technology/RMCS/experiments/yaw/low_speed_ki_ab_2026-10-02/05_current.csv
slow_forward,06_ki_005,ki_005,3,5.61284,0.12542604484546468,0.0019322426962364284,0.204671441508955,0.21109741877012728,0.340895,1.08281,1.29577,/home/chen/Alliance/technology/RMCS/experiments/yaw/low_speed_ki_ab_2026-10-02/06_ki_005.csv
slow_reverse,01_ki_005,ki_005,1,5.35877,0.13149518238508534,0.002135339721642857,0.1681883724606834,0.18280648171995265,0.331307,1.06025,1.32511,/home/chen/Alliance/technology/RMCS/experiments/yaw/low_speed_ki_ab_reverse_2026-10-02/01_ki_005.csv
slow_reverse,02_current,current,1,5.31735,0.18023762363016085,0.0028661706368142857,0.25674922976452164,0.27097064892460565,0.329177,1.0377,1.25987,/home/chen/Alliance/technology/RMCS/experiments/yaw/low_speed_ki_ab_reverse_2026-10-02/02_current.csv
slow_reverse,03_ki_005,ki_005,2,5.28514,0.144800418145155,0.002296246776714286,0.23180094974484278,0.21466665935489473,0.330242,1.08281,1.36223,/home/chen/Alliance/technology/RMCS/experiments/yaw/low_speed_ki_ab_reverse_2026-10-02/03_ki_005.csv
slow_reverse,04_current,current,2,5.25475,0.18282891363059328,0.0029077495407600004,0.272568276322989,0.257907784153418,0.332373,1.07153,1.28577,/home/chen/Alliance/technology/RMCS/experiments/yaw/low_speed_ki_ab_reverse_2026-10-02/04_current.csv
slow_reverse,05_ki_005,ki_005,3,5.22253,0.13715353582235298,0.002222665132357143,0.1880233904820751,0.1662500067929548,0.336634,1.07153,1.32846,/home/chen/Alliance/technology/RMCS/experiments/yaw/low_speed_ki_ab_reverse_2026-10-02/05_ki_005.csv
slow_reverse,06_current,current,3,5.19099,0.18585039654230745,0.0029135517855,0.28109644674525075,0.30675988463965737,0.347287,1.06025,1.29457,/home/chen/Alliance/technology/RMCS/experiments/yaw/low_speed_ki_ab_reverse_2026-10-02/06_current.csv
fast,01_current,current,1,5.04718,0.08537832270775278,0.0005189094076507142,0.1982248006798228,0.2063722358336834,0.786189,1.43247,1.77465,/home/chen/Alliance/technology/RMCS/experiments/yaw/fast_speed_ki_ab_2026-10-02/01_current.csv
fast,02_ki_005,ki_005,1,5.01688,0.08268073382995234,0.0005381237024385713,0.15911181347826295,0.14059725391046002,0.784059,1.3875756,1.67383,/home/chen/Alliance/technology/RMCS/experiments/yaw/fast_speed_ki_ab_2026-10-02/02_ki_005.csv
fast,03_ki_005,ki_005,2,4.97815,0.08621422559307079,0.0005518357100571428,0.1741514309903964,0.1791051743634075,0.800038,1.3761827999999972,1.6357,/home/chen/Alliance/technology/RMCS/experiments/yaw/fast_speed_ki_ab_2026-10-02/03_ki_005.csv
fast,04_current,current,2,4.94623,0.08808946420146177,0.0005370909291285714,0.21256273209112939,0.22182290221607875,0.793646,1.42119,1.79946,/home/chen/Alliance/technology/RMCS/experiments/yaw/fast_speed_ki_ab_2026-10-02/04_current.csv
