group,label,arm,B,J,csv,samples,moving_rms_error_deg,mean_moving_iae_rad_s,median_late_abs_error_deg,measured_torque_p99_abs_Nm,speed_peak_abs_rad_s,command_torque_peak_abs_Nm,dynamic_change_rms_deg
lower_B_higher_J,01_current,current,1.378547846,0.142611646,/home/chen/Alliance/technology/RMCS/experiments/yaw/repeat_2026-10-02/01_current.csv,3000,0.07672092103495844,0.0004993282958714285,0.16716330151839334,1.38735,0.792581,1.80524,0.16939268864829463
lower_B_higher_J,02_candidate,candidate,1.1,0.171,/home/chen/Alliance/technology/RMCS/experiments/yaw/repeat_2026-10-02/02_candidate.csv,3001,0.0907415748142844,0.0005585340668214286,0.19047437589218844,1.38735,0.798973,1.64795,0.21319169913117045
lower_B_higher_J,03_current,current,1.378547846,0.142611646,/home/chen/Alliance/technology/RMCS/experiments/yaw/repeat_2026-10-02/03_current.csv,3000,0.0745639498411577,0.0004965913719357143,0.15683631021895536,1.35352,0.786189,1.67789,0.16170453849540756
lower_B_higher_J,04_candidate,candidate,1.1,0.171,/home/chen/Alliance/technology/RMCS/experiments/yaw/repeat_2026-10-02/04_candidate.csv,3000,0.10468629822385483,0.000638539577657143,0.21849946052542238,1.3650155999999947,0.785124,1.7381,0.25063738951428666
lower_B_higher_J,05_current,current,1.378547846,0.142611646,/home/chen/Alliance/technology/RMCS/experiments/yaw/repeat_2026-10-02/05_current.csv,3000,0.0884182677259791,0.0005367057068928571,0.2133119006483079,1.3874627999999973,0.78832,1.69669,0.19794331648408867
lower_B_higher_J,06_candidate,candidate,1.1,0.171,/home/chen/Alliance/technology/RMCS/experiments/yaw/repeat_2026-10-02/06_candidate.csv,3000,0.11208656662905846,0.0006665098927214287,0.24148137064591482,1.35352,0.782993,1.64105,0.2543387064978679
higher_B_lower_J,01_current,current,1.378547846,0.142611646,/home/chen/Alliance/technology/RMCS/experiments/yaw/repeat_2026-10-02_opposite/01_current.csv,3000,0.10006600708438487,0.0006322482637857143,0.2344506055418645,1.44375,0.787254,1.87778,0.20282597720595763
higher_B_lower_J,02_candidate,candidate,1.65,0.114,/home/chen/Alliance/technology/RMCS/experiments/yaw/repeat_2026-10-02_opposite/02_candidate.csv,3000,0.09464669729351415,0.0006784224219857143,0.19151629964263386,1.47759,0.80856,1.80357,0.15459216643357535
higher_B_lower_J,03_current,current,1.378547846,0.142611646,/home/chen/Alliance/technology/RMCS/experiments/yaw/repeat_2026-10-02_opposite/03_current.csv,3000,0.10062171923709304,0.0006305368192642858,0.2510695328685316,1.50015,0.791516,1.76703,0.2195041197222785
higher_B_lower_J,04_candidate,candidate,1.65,0.114,/home/chen/Alliance/technology/RMCS/experiments/yaw/repeat_2026-10-02_opposite/04_candidate.csv,3000,0.09686489727221444,0.0006924105143142857,0.22558895380347363,1.47759,0.809626,1.77386,0.15616514600795856
higher_B_lower_J,05_current,current,1.378547846,0.142611646,/home/chen/Alliance/technology/RMCS/experiments/yaw/repeat_2026-10-02_opposite/05_current.csv,3001,0.08796251326780329,0.0005457444632614286,0.22145563626939987,1.40991,0.791516,1.72866,0.20130848052547615
higher_B_lower_J,06_candidate,candidate,1.65,0.114,/home/chen/Alliance/technology/RMCS/experiments/yaw/repeat_2026-10-02_opposite/06_candidate.csv,3001,0.09781210283381625,0.0007054104742500001,0.17809103906602594,1.44375,0.792581,1.77414,0.14945481654044884
higher_B_mild_J,01_current,current,1.378547846,0.142611646,/home/chen/Alliance/technology/RMCS/experiments/yaw/repeat_2026-10-02_refined/01_current.csv,3001,0.07225344607086397,0.0005030803560157142,0.15192090529452804,1.35352,0.784059,1.64447,0.14442410753226745
higher_B_mild_J,02_candidate,candidate,1.65,0.135,/home/chen/Alliance/technology/RMCS/experiments/yaw/repeat_2026-10-02_refined/02_candidate.csv,3000,0.09350185173723126,0.0006769935724357144,0.1860734870677886,1.38735,0.803234,1.71222,0.13629519588132605
higher_B_mild_J,03_current,current,1.378547846,0.142611646,/home/chen/Alliance/technology/RMCS/experiments/yaw/repeat_2026-10-02_refined/03_current.csv,3000,0.07926552406320878,0.0005305606900772857,0.18238650365612175,1.29712,0.79045,1.6365,0.1658771566663273
higher_B_mild_J,04_candidate,candidate,1.65,0.135,/home/chen/Alliance/technology/RMCS/experiments/yaw/repeat_2026-10-02_refined/04_candidate.csv,3000,0.09083351654674153,0.0006660741528857143,0.1678459807312917,1.34224,0.78832,1.54402,0.11996623644976682
higher_B_mild_J,05_current,current,1.378547846,0.142611646,/home/chen/Alliance/technology/RMCS/experiments/yaw/repeat_2026-10-02_refined/05_current.csv,3000,0.07799369406002939,0.0005306221390114287,0.18041037222071554,1.33096,0.779797,1.75239,0.16219164445270884
higher_B_mild_J,06_candidate,candidate,1.65,0.135,/home/chen/Alliance/technology/RMCS/experiments/yaw/repeat_2026-10-02_refined/06_candidate.csv,3001,0.0885863591998968,0.0006515607769,0.1328969876227993,1.37607,0.79045,1.65291,0.11117133386930117
